{"cameraMode":{"drawMode":0,"name":"Shaded","section":"Shading Mode"},"sceneLighting":false,"audioPlay":false,"sceneViewState":{"m_AlwaysRefresh":false,"showFog":true,"showSkybox":true,"showFlares":true,"showImageEffects":true,"showParticleSystems":true,"showVisualEffectGraphs":true,"m_FxEnabled":true},"in2DMode":false,"pivot":{"x":-9.982895851135254,"y":-0.2591193914413452,"z":26.83305549621582},"rotation":{"x":0.019680917263031007,"y":-0.1134236752986908,"z":0.002246457152068615,"w":0.9933581352233887},"size":21.47026824951172,"orthographic":false}