{"cameraMode":{"drawMode":0,"name":"Shaded","section":"Shading Mode"},"sceneLighting":false,"audioPlay":false,"sceneViewState":{"m_AlwaysRefresh":false,"showFog":true,"showSkybox":true,"showFlares":true,"showImageEffects":true,"showParticleSystems":true,"showVisualEffectGraphs":true,"m_FxEnabled":true},"in2DMode":false,"pivot":{"x":0.3433246910572052,"y":0.10872882604598999,"z":0.015868186950683595},"rotation":{"x":0.06027347221970558,"y":0.0018078141147270799,"z":-0.00011029505549231544,"w":0.9981868863105774},"size":4.193203926086426,"orthographic":false}