{"cameraMode":{"drawMode":0,"name":"Shaded","section":"Shading Mode"},"sceneLighting":false,"audioPlay":false,"sceneViewState":{"m_AlwaysRefresh":false,"showFog":true,"showSkybox":true,"showFlares":true,"showImageEffects":true,"showParticleSystems":true,"showVisualEffectGraphs":true,"m_FxEnabled":true},"in2DMode":false,"pivot":{"x":-20.730634689331056,"y":40.68058395385742,"z":226.16754150390626},"rotation":{"x":-0.016183262690901758,"y":-0.028181301429867746,"z":-0.0004575291823130101,"w":0.9994767308235169},"size":264.43804931640627,"orthographic":false}