{"cameraMode":{"drawMode":0,"name":"Shaded","section":"Shading Mode"},"sceneLighting":false,"audioPlay":false,"sceneViewState":{"m_AlwaysRefresh":false,"showFog":true,"showSkybox":true,"showFlares":true,"showImageEffects":true,"showParticleSystems":true,"showVisualEffectGraphs":true,"m_FxEnabled":true},"in2DMode":false,"pivot":{"x":0.5280551910400391,"y":-3.5641279220581056,"z":21.315414428710939},"rotation":{"x":0.08420827984809876,"y":0.0062888446263968948,"z":-0.0005326370592229068,"w":0.996431827545166},"size":15.967500686645508,"orthographic":false}