{"cameraMode":{"drawMode":0,"name":"Shaded","section":"Shading Mode"},"sceneLighting":false,"audioPlay":false,"sceneViewState":{"m_AlwaysRefresh":false,"showFog":true,"showSkybox":true,"showFlares":true,"showImageEffects":true,"showParticleSystems":true,"showVisualEffectGraphs":true,"m_FxEnabled":true},"in2DMode":false,"pivot":{"x":4.978243827819824,"y":-10.010454177856446,"z":16.474224090576173},"rotation":{"x":0.24757681787014008,"y":0.2160835862159729,"z":-0.05674627423286438,"w":0.9427614212036133},"size":15.367996215820313,"orthographic":false}